name,year,day,count,sum,mean,stdev,index
1,2014,121,1962,NaN,NaN,NaN,5
2,2014,121,986,-2.3393224262963486,-0.0023725379577042077,0.023020098002537525,5
3,2014,121,1270,-4.1784039733483951,-0.003290081868778264,0.039108419793905072,5
4,2014,121,2256,NaN,NaN,NaN,5
5,2014,121,3522,NaN,NaN,NaN,5
6,2014,121,1791,-71.654359286250838,-0.040008017468593435,0.10342944028959022,5
7,2014,121,1241,-10.303987313593097,-0.0083029712438300544,0.03151494808085701,5
8,2014,121,473,-0.035913614936362137,-7.5927304305205363e-005,0.0063507703792931259,5
1,2014,145,363,NaN,NaN,NaN,6
2,2014,145,330,-3.6168148577162356,-0.010960045023382532,0.035133295767322006,6
1,2014,113,404,110051,272.40346534653463,25.01258273193875,2
1,2014,129,655,NaN,NaN,NaN,3
3,2014,145,427,-0.85262121166852012,-0.0019967709875140988,0.015512369428547479,6
1,2014,146,2466,3762,1.5255474452554745,0.97054982096083797,10
2,2014,113,26,6174.5,237.48076923076923,25.307904195979962,2
2,2014,129,811,-33.883943961975092,-0.041780448781720214,0.089843067438881458,3
4,2014,145,252,NaN,NaN,NaN,6
3,2014,113,21,5580.5,265.73809523809524,25.083963311635923,2
2,2014,146,5751,17675,3.0733785428621108,3.0081045761704441,10
5,2014,145,1761,NaN,NaN,NaN,6
3,2014,129,752,-33.531198712522382,-0.044589359990056358,0.088633602753261376,3
3,2014,146,5603,11162,1.9921470640728181,1.2132629006570959,10
4,2014,113,682,180465.5,264.61217008797655,26.895588519327376,2
6,2014,145,300,-6.2647783739557781,-0.020882594579852594,0.063568145232271847,6
4,2014,129,938,NaN,NaN,NaN,3
5,2014,129,1697,NaN,NaN,NaN,3
4,2014,146,7443,316,0.042455998925164586,0.2016270990725974,10
7,2014,145,575,-10.888817296407069,-0.018937073558968814,0.047333342299318501,6
5,2014,113,11,2577,234.27272727272728,10.547217720939035,2
6,2014,129,257,-8.0676966810315207,-0.03139181587950008,0.091844676792336169,3
5,2014,146,4554,5616,1.233201581027668,1.2678536080314897,10
7,2014,129,234,-1.8477736632685264,-0.007896468646446695,0.057455441248984301,3
8,2014,145,380,-20.025970890090321,-0.052699923394974528,0.10063678780324541,6
6,2014,113,257,68012,264.63813229571986,25.156270060561962,2
8,2014,129,748,-38.404404843939119,-0.051342787224517537,0.14118932643584947,3
6,2014,146,2188,931,0.42550274223034734,0.77814554400346192,10
7,2014,146,4594,0,0,0,10
8,2014,146,3523,976,0.27703661652001138,0.60876656037335186,10
7,2014,113,198,51316.5,259.17424242424244,31.373945202307358,2
1,2014,113,1351,NaN,NaN,NaN,3
1,2014,88,2466,5661,2.2956204379562042,2.257500133665459,10
1,2014,145,507,115913,228.62524654832347,45.905717563481197,0
3,2014,113,180,-19.312970043438327,-0.10729427801910181,0.16751636271568052,3
4,2014,113,1060,NaN,NaN,NaN,3
2,2014,88,5751,1909,0.33194227090940703,1.0240816426033046,10
2,2014,145,2441,603937,247.41376485047113,48.975443426147756,0
5,2014,113,2859,NaN,NaN,NaN,3
3,2014,88,5603,2131,0.38033196501873995,0.90672547913411372,10
3,2014,145,1841,460125,249.93210211841389,48.142399859013302,0
6,2014,113,1123,-149.09038745559155,-0.13276080806375026,0.16531187256999366,3
4,2014,88,7443,16806,2.2579604997984686,2.2899671310502985,10
4,2014,145,812,190956,235.16748768472905,49.53203697398002,0
7,2014,113,262,-10.836703317610954,-0.041361463044316621,0.10042395680446477,3
5,2014,88,4554,5363,1.1776460254721124,1.6191706946946591,10
5,2014,145,573,144552,252.27225130890054,47.08355664984289,0
6,2014,88,2188,18274,8.3519195612431449,2.7855252277193365,10
6,2014,145,992,244662,246.63508064516128,48.864339642557084,0
7,2014,88,4594,19437,4.2309534175010883,1.4787685065773939,10
7,2014,145,1195,288622,241.52468619246861,49.387597089152223,0
8,2014,145,927,229360,247.42179072276159,51.188317840196255,0
8,2014,88,3523,1233,0.34998580755038322,0.62891521330513789,10
1,2014,149,2466,46334,18.789132197891323,7.4427348471124128,10
2,2014,149,5751,2033,0.35350373848026428,0.51853606977201028,10
3,2014,149,5603,61,0.010887024808138497,0.10377137128787244,10
4,2014,149,7443,3802,0.51081553137175872,0.83760528161086878,10
5,2014,149,4554,20779,4.56280193236715,3.3561975605932197,10
6,2014,149,2188,10512,4.8043875685557591,2.6466388845929862,10
1,2014,113,1666,NaN,NaN,NaN,5
7,2014,149,4594,5033,1.0955594253373966,1.1590015492941288,10
1,2014,128,2466,5600,2.2708840227088403,0.96345415368729248,10
1,2014,90,2466,6634,2.6901865369018654,1.2880545623667619,10
8,2014,149,3523,933,0.26483110984956004,0.51597048285158886,10
3,2014,113,301,-0.26999229337343422,-0.00089698436336689113,0.013640779042647674,5
2,2014,90,5751,296400,51.538862806468437,28.601207135100076,10
2,2014,128,5751,3884,0.67536080681620592,0.81381937151513384,10
3,2014,128,5603,21423,3.8234874174549347,1.7053332608566989,10
3,2014,90,5603,200845,35.845975370337321,15.985414536778645,10
4,2014,113,1599,NaN,NaN,NaN,5
4,2014,128,7443,4272,0.57396211205159209,0.92177109148174163,10
5,2014,113,3188,NaN,NaN,NaN,5
4,2014,90,7443,56494,7.5902189977159749,3.8233913789781586,10
5,2014,128,4554,6943,1.5245937637241984,0.76537748894564217,10
6,2014,113,1442,-32.780538743441866,-0.022732689835951364,0.067287590204137535,5
1,2014,82,2466,0,0,0,9
5,2014,90,4554,7946,1.7448397013614405,1.4200632561654418,10
2,2014,82,5751,0,0,0,9
6,2014,128,2188,2749,1.256398537477148,0.45509527523456317,10
7,2014,113,406,-2.8047778190375539,-0.0069083197513240243,0.024613302766054255,5
6,2014,90,2188,3775,1.7253199268738575,1.1316288102516587,10
7,2014,90,4594,23816,5.1841532433609059,3.9166936280594018,10
7,2014,128,4594,2620,0.57030909882455372,0.79366645054126694,10
3,2014,82,5603,0,0,0,9
8,2014,90,3523,69952,19.855804711893274,5.9245120930445028,10
8,2014,128,3523,574,0.16292932160090831,0.37159985430243719,10
4,2014,82,7443,0,0,0,9
5,2014,82,4554,0,0,0,9
6,2014,82,2188,408,0.18647166361974407,0.41779409025005637,9
7,2014,82,4594,75,0.016325642141924248,0.12843078294433954,9
8,2014,82,3523,0,0,0,9
1,2014,153,826,219965,266.30145278450362,43.042069884843464,1
1,2014,145,337,NaN,NaN,NaN,3
1,2014,97,336,NaN,NaN,NaN,3
2,2014,145,262,-3.7653911745492223,-0.014371722040264207,0.048522689916611135,3
2,2014,153,1089,281210,258.22773186409552,45.770152019454876,1
4,2014,97,310,NaN,NaN,NaN,3
3,2014,145,212,-5.7614907619808946,-0.027176843216891011,0.060657068624452942,3
3,2014,153,1125,296866,263.88088888888888,43.794287188182381,1
4,2014,145,240,NaN,NaN,NaN,3
5,2014,97,1761,NaN,NaN,NaN,3
4,2014,153,2390,615193,257.4029288702929,42.250750677879054,1
1,2014,137,361,19.629181281663477,0.054374463384109353,0.48143188150628924,4
5,2014,145,1730,NaN,NaN,NaN,3
5,2014,153,381,91191,239.34645669291339,43.591586624632612,1
6,2014,97,24,-0.010825616189322318,-0.00045106734122176323,0.0054408068263948998,3
6,2014,145,162,-9.371812964689525,-0.057850697312898304,0.11921290203742224,3
6,2014,153,230,54340,236.2608695652174,46.394262568165139,1
2,2014,137,240,-124.21899920042779,-0.51757916333511578,5.4242061576301781,4
7,2014,153,932,227927,244.5568669527897,45.696047317012074,1
3,2014,137,353,101.10906706163951,0.28642795201597593,0.36576504025764117,4
7,2014,145,501,-4.2668564936157054,-0.008516679627975459,0.047950935075741864,3
8,2014,145,378,-20.475475637698764,-0.054167924967457051,0.12110556083053577,3
4,2014,137,287,9.0050875709566753,0.031376611745493645,0.20465723553000151,4
8,2014,153,431,102541,237.91415313225059,47.916928881875791,1
5,2014,137,1653,0,0,0,4
6,2014,137,57,9.955102125153644,0.17465091447637973,0.31557568443346301,4
7,2014,137,135,4.2364265896903817,0.031380937701410233,0.28549694817165905,4
8,2014,137,471,-168.73644708328357,-0.35825148000697149,7.8334775642976746,4
1,2014,151,2466,932,0.37793998377939986,0.64871197329591934,10
1,2014,153,90,21947,243.85555555555555,47.696158967435856,0
1,2014,105,2466,0,0,0,10
2,2014,151,5751,918,0.15962441314553991,0.47498085671596746,10
2,2014,153,235,52633,223.97021276595746,53.413712140569054,0
2,2014,105,5751,0,0,0,10
3,2014,151,5603,459,0.081920399785829018,0.28820545416757959,10
3,2014,153,226,49838,220.52212389380531,48.03614003509621,0
3,2014,105,5603,0,0,0,10
4,2014,151,7443,3956,0.53150611312642748,0.65910277959193431,10
4,2014,153,285,61475,215.7017543859649,42.613631338686673,0
4,2014,105,7443,0,0,0,10
1,2014,100,2466,0,0,0,10
5,2014,151,4554,129,0.028326745718050064,0.1659046147491835,10
5,2014,153,657,155170,236.17960426179604,49.264279801689625,0
5,2014,105,4554,0,0,0,10
6,2014,151,2188,10214,4.6681901279707496,3.0806575036659627,10
2,2014,100,5751,1140,0.19822639540949399,0.39866363211666667,10
6,2014,105,2188,0,0,0,10
7,2014,151,4594,12702,2.7649107531562906,1.6105404613300989,10
6,2014,153,657,158076,240.60273972602741,48.471481283545899,0
3,2014,100,5603,525,0.093699803676601814,0.29141062174802085,10
7,2014,105,4594,0,0,0,10
8,2014,151,3523,2189,0.62134544422367299,1.0265942611681629,10
7,2014,153,505,113275,224.30693069306932,46.56806847476534,0
4,2014,100,7443,14,0.0018809619776971652,0.043329250625133396,10
8,2014,105,3523,0,0,0,10
8,2014,153,138,30231,219.06521739130434,46.432467170735599,0
5,2014,100,4554,0,0,0,10
6,2014,100,2188,452,0.20658135283363802,0.40485243916155672,10
7,2014,100,4594,721,0.15694383979103177,0.36374781228576308,10
8,2014,100,3523,1460,0.41441952881067273,0.50119003653414251,10
1,2014,163,2466,0,0,0,10
1,2014,81,1660,NaN,NaN,NaN,6
2,2014,163,5751,44534,7.7436967483915842,4.5877182326681716,10
1,2014,133,2466,0,0,0,10
3,2014,163,5603,13875,2.4763519543101911,2.9889921381850586,10
2,2014,81,1330,-19.113050998383187,-0.014370715036378337,0.070718217477724596,6
2,2014,133,5751,23251,4.0429490523387237,5.4745326753274268,10
3,2014,81,1668,-47.834359631970074,-0.028677673640269827,0.069607693265002546,6
4,2014,163,7443,15749,2.1159478704823322,3.4454918875844345,10
3,2014,133,5603,74684,13.329287881492057,5.7344325399445877,10
5,2014,163,4554,0,0,0,10
4,2014,81,2854,NaN,NaN,NaN,6
4,2014,133,7443,110049,14.785570334542523,6.1603998817828671,10
6,2014,163,2188,0,0,0,10
5,2014,81,3759,NaN,NaN,NaN,6
5,2014,133,4554,5620,1.2340799297321037,2.1851331624951591,10
7,2014,163,4594,14784,3.2181105790161078,4.0000939584041468,10
6,2014,81,1574,-57.352695537092586,-0.036437544813908887,0.085453693633064223,6
6,2014,133,2188,188,0.085923217550274225,0.28187673727807372,10
8,2014,163,3523,24117,6.8455861481691738,4.6997864701859795,10
7,2014,81,2716,-133.07721574480092,-0.048997502115169705,0.10972219679406989,6
1,2014,137,376,NaN,NaN,NaN,3
7,2014,133,4594,31527,6.8626469307792775,4.5603945625618065,10
8,2014,81,1510,-42.111739721589402,-0.02788856935204596,0.073875297423019334,6
2,2014,137,545,-2.5966444246732863,-0.0047644851828867636,0.040043132860104386,3
8,2014,133,3523,10805,3.0669883621913141,3.0767544649543419,10
3,2014,137,533,-24.923594234031043,-0.046760964791803084,0.082670073705396363,3
4,2014,137,306,NaN,NaN,NaN,3
5,2014,137,1653,NaN,NaN,NaN,3
6,2014,137,80,-2.2922103425298701,-0.028652629281623376,0.05517359159921819,3
7,2014,137,172,-0.43430142947363493,-0.0025250083108932261,0.07440715335593838,3
8,2014,137,602,-11.522647962798146,-0.019140611233883963,0.14746689900248069,3
1,2014,105,726,178671,246.10330578512398,47.780277234995694,1
1,2014,81,1406,NaN,NaN,NaN,3
2,2014,105,3367,918853,272.89961389961388,38.348363605738598,1
1,2014,137,1459,395995,271.41535298149415,37.57027955017864,1
2,2014,81,1031,-47.304117129069709,-0.045881781890465288,0.11885368766487231,3
3,2014,105,1424,370759,260.36446629213481,45.174675356170546,1
2,2014,137,4944,1401158,283.40574433656957,31.489185219259539,1
3,2014,81,1429,-91.557018382694878,-0.064070691660388299,0.12413283314790118,3
4,2014,105,2338,625367,267.47946963216424,40.003183761995203,1
3,2014,137,2076,548997,264.44942196531792,44.681088367026454,1
5,2014,105,590,137559,233.15084745762712,49.351275885079204,1
4,2014,81,2028,NaN,NaN,NaN,3
4,2014,137,2155,553633,256.90626450116008,44.610940286421062,1
6,2014,105,986,245175,248.65618661257608,47.027380217522058,1
5,2014,81,3443,NaN,NaN,NaN,3
5,2014,137,724,177611,245.31906077348066,46.577228937233336,1
7,2014,105,997,251118,251.87362086258776,47.113662219486685,1
6,2014,81,1403,-121.89081596897267,-0.08687869990660918,0.13409486345796651,3
6,2014,137,1276,346540,271.58307210031347,39.364168603852789,1
7,2014,81,2259,-319.88081204179798,-0.14160283844258431,0.17896962623896759,3
7,2014,137,1754,445486,253.98289623717218,46.824568191993563,1
8,2014,105,2048,575037,280.77978515625,33.737234876932966,1
8,2014,81,1175,-115.56368613258201,-0.098352073304325105,0.14311977257010841,3
8,2014,137,3237,917113,283.32190299660181,29.742134351546756,1
1,2014,136,2466,4461,1.8090024330900243,1.0722179425358369,10
1,2014,112,2466,0,0,0,10
1,2014,134,2466,1148,0.46553122465531227,0.60263349945865918,10
2,2014,112,5751,0,0,0,10
2,2014,134,5751,0,0,0,10
3,2014,112,5603,0,0,0,10
3,2014,134,5603,0,0,0,10
4,2014,112,7443,0,0,0,10
4,2014,134,7443,0,0,0,10
5,2014,112,4554,927,0.20355731225296442,0.4719404554468436,10
5,2014,134,4554,0,0,0,10
6,2014,112,2188,316,0.14442413162705667,0.35281706111422251,10
6,2014,134,2188,123,0.056215722120658132,0.23033782734737923,10
7,2014,112,4594,332,0.07226817588158467,0.25893143230657228,10
7,2014,134,4594,0,0,0,10
8,2014,112,3523,2,0.0005676979846721544,0.023819649528705363,10
8,2014,134,3523,0,0,0,10
2,2014,136,5751,1648,0.28655885932881237,0.62767438591114821,10
1,2014,131,2466,2319,0.94038929440389296,0.72557196340433072,10
3,2014,136,5603,1429,0.25504194181688383,0.56876661337779733,10
2,2014,131,5751,3972,0.6906624934793949,1.1999455572113387,10
4,2014,136,7443,19564,2.6285100094048097,2.2999521043679829,10
3,2014,131,5603,3996,0.71318936284133505,0.87482644627303163,10
5,2014,136,4554,5992,1.31576635924462,1.2309084854181322,10
6,2014,136,2188,3182,1.4542961608775138,1.3368681538337295,10
4,2014,131,7443,7150,0.96063415289533793,0.8869654746177118,10
7,2014,136,4594,14324,3.1179799738789726,1.8380237995267679,10
5,2014,131,4554,1131,0.24835309617918314,0.44949409131268969,10
8,2014,136,3523,1651,0.46863468634686345,0.51137615584051999,10
6,2014,131,2188,0,0,0,10
7,2014,131,4594,1020,0.2220287331301698,0.50412549060312739,10
8,2014,131,3523,2464,0.69940391711609429,0.88071861032467313,10
1,2014,141,2466,82764,33.56204379562044,7.2932160619902975,10
1,2014,81,985,266416.5,270.47360406091371,24.931211224128639,2
1,2014,145,2466,592,0.24006488240064883,0.42712262248517285,10
1,2014,105,145,34589,238.54482758620691,47.602952575820154,0
2,2014,141,5751,83905,14.589636584941749,5.3665427711548546,10
2,2014,81,1314,348885.5,265.51407914764081,26.293804351738221,2
2,2014,145,5751,0,0,0,10
2,2014,105,250,61607,246.428,48.518499729484567,0
3,2014,141,5603,158829,28.347135463144745,8.4634606547522377,10
3,2014,145,5603,0,0,0,10
3,2014,81,1843,509090,276.22897449810091,22.522309103610127,2
3,2014,105,72,16270,225.97222222222223,44.65297433860318,0
4,2014,145,7443,0,0,0,10
4,2014,81,2326,625221.5,268.79686156491829,28.744813484767164,2
4,2014,141,7443,115547,15.524250974069595,7.1239800196655469,10
4,2014,105,932,254014,272.54721030042919,42.354635556946803,0
5,2014,145,4554,313,0.068730786122090465,0.25299578091567043,10
5,2014,141,4554,95919,21.062582345191039,8.1668638091827166,10
5,2014,81,1034,278659,269.49613152804642,26.252935444714016,2
5,2014,105,923,251331,272.29794149512458,41.039619180227817,0
6,2014,145,2188,393,0.17961608775137111,0.38386735830526519,10
6,2014,141,2188,35725,16.327696526508227,6.776870870030935,10
6,2014,81,1188,319780,269.17508417508418,26.911964947140959,2
6,2014,105,1083,298291,275.43028624192061,40.06001368919663,0
7,2014,145,4594,361,0.078580757509795388,0.26908329947988618,10
7,2014,141,4594,24723,5.3815846756639099,4.3703716624952582,10
7,2014,81,1148,296537.5,258.3079268292683,29.956252915431914,2
7,2014,105,125,26803,214.42400000000001,41.462515890862136,0
8,2014,145,3523,320,0.090831677547544704,0.34811599627013706,10
8,2014,141,3523,20070,5.6968492761850698,4.1103234344769861,10
8,2014,105,960,264155,275.16145833333331,40.671088906903847,0
8,2014,81,1020,269660.5,264.37303921568628,23.973500660112418,2
1,2014,111,2466,0,0,0,10
1,2014,120,2466,6689,2.7124898621248987,2.2753621773727342,10
2,2014,111,5751,113,0.019648756737958614,0.13879006843651004,10
1,2014,89,488,37.234815288946265,0.076300851001939063,0.22535679807963699,4
2,2014,120,5751,6552,1.1392801251956182,0.81045127401753925,10
1,2014,121,2004,582873.5,290.8550399201597,11.625554288864464,2
3,2014,111,5603,0,0,0,10
3,2014,120,5603,17532,3.1290380153489203,0.94349605954015014,10
4,2014,111,7443,0,0,0,10
2,2014,89,112,-1.7311016169842333,-0.015456264437359226,0.029758401941905033,4
2,2014,121,305,75562.5,247.74590163934425,29.439271049480062,2
4,2014,120,7443,20259,2.7218863361547765,1.6063785557796393,10
5,2014,111,4554,0,0,0,10
3,2014,89,198,3.4691713060747134,0.017521067202397541,0.096455206758094103,4
3,2014,121,1885,514439,272.91193633952253,27.160793258207018,2
5,2014,120,4554,32534,7.1440491875274486,2.9843503294862215,10
4,2014,89,459,82.309252362683765,0.17932298989691453,0.33479960227739664,4
6,2014,111,2188,0,0,0,10
4,2014,121,2786,794148,285.04953338119168,21.046453802418966,2
6,2014,120,2188,11120,5.0822669104204756,3.4003973283891473,10
5,2014,89,2025,128.24825433503429,0.063332471276560137,0.22766687795876533,4
7,2014,111,4594,0,0,0,10
5,2014,121,2359,687892,291.60322170411189,11.402314073067947,2
6,2014,89,73,11.24931731048855,0.15410023712998014,0.29872137041760799,4
8,2014,111,3523,0,0,0,10
6,2014,121,1953,570323,292.02406554019456,12.098098535807187,2
7,2014,89,196,119.63962657067168,0.61040625801363102,0.47198746110633172,4
7,2014,121,922,245958,266.765726681128,27.974110609368164,2
8,2014,121,20,4598,229.90000000000001,27.263803843190978,2
7,2014,120,4594,10850,2.3617762298650415,1.2141890688433281,10
8,2014,120,3523,3549,1.0073800738007379,0.90065862267965013,10
1,2014,137,31,7050,227.41935483870967,27.104664749756218,2
1,2014,89,2466,31285,12.686536901865368,1.0515298061146889,10
2,2014,137,1461,388281.5,265.76420260095824,28.811371930117705,2
2,2014,89,5751,79980,13.907146583202922,5.509581547853867,10
3,2014,137,658,172427,262.04711246200606,34.822062659944962,2
3,2014,89,5603,129817,23.169195074067463,2.9289767336680574,10
4,2014,137,244,60508,247.98360655737704,31.844520749209583,2
4,2014,89,7443,147299,19.790272739486767,3.4192006656189777,10
5,2014,137,56,13996,249.92857142857142,34.070361618514283,2
5,2014,89,4554,83034,18.233201581027668,4.4257982246763872,10
6,2014,137,88,22973,261.05681818181819,29.920864548514842,2
1,2014,89,627,NaN,NaN,NaN,6
1,2014,160,2466,4349,1.7635847526358475,2.1282072224445927,10
6,2014,89,2188,26932,12.308957952468008,1.0648841514463696,10
7,2014,137,206,49985,242.64563106796118,32.960415436805349,2
7,2014,89,4594,54449,11.852198519808447,2.2213513908233447,10
2,2014,160,5751,49921,8.6804034081029382,5.1176827430668546,10
2,2014,89,235,-3.4885572007951851,-0.014844924258702916,0.03658889343405905,6
8,2014,137,1469,397780,270.78284547311097,30.150442251174312,2
8,2014,89,3523,50525,14.341470337780301,3.3069916723497683,10
3,2014,89,495,-3.5723891274501511,-0.0072169477322225279,0.028451745457632537,6
3,2014,160,5603,37325,6.6616098518650722,6.292195238042285,10
4,2014,89,1053,NaN,NaN,NaN,6
4,2014,160,7443,80678,10.839446459760849,10.653679735869288,10
5,2014,89,2261,NaN,NaN,NaN,6
5,2014,160,4554,5125,1.1253842775581906,1.7477889650847931,10
6,2014,89,229,-0.12155191398960596,-0.00053079438423408716,0.0070737094718195991,6
6,2014,160,2188,17663,8.0726691042047527,2.1089438700444174,10
7,2014,89,769,-33.275525758035656,-0.043271164834896819,0.099726267616695619,6
8,2014,89,45,0.0077713859463983681,0.0001726974654755193,0.00037180410520133294,6
7,2014,160,4594,64038,13.939486286460602,6.6560367195715431,10
8,2014,160,3523,31414,8.91683224524553,4.234893904592596,10
1,2014,104,2466,0,0,0,10
1,2014,153,2466,1957,0.79359286293592868,0.63932330888400712,10
1,2014,130,2466,2237,0.90713706407137062,0.5029250965564227,10
2,2014,104,5751,0,0,0,10
1,2014,113,1151,408.08462264842819,0.35454789109333468,1.7452364989914533,4
2,2014,153,5751,706,0.12276125891149366,0.33237487430582269,10
3,2014,104,5603,0,0,0,10
2,2014,130,5751,16330,2.8395061728395063,0.87159070242445191,10
3,2014,113,100,32.546951783733675,0.32546951783733674,0.38987722717473566,4
3,2014,153,5603,30795,5.4961627699446725,4.5191141736440388,10
3,2014,130,5603,19458,3.4727824379796539,0.52978386916401488,10
4,2014,104,7443,0,0,0,10
4,2014,113,862,258.30223804415436,0.2996545684966988,0.69068984074150919,4
4,2014,130,7443,16046,2.1558511352949079,0.93416303616385898,10
4,2014,153,7443,23108,3.1046620986161493,5.8999389506855238,10
5,2014,104,4554,0,0,0,10
5,2014,113,2484,541.85134943299636,0.21813661410346069,2.8043667495644811,4
5,2014,130,4554,1822,0.40008783487044358,0.48991586957264838,10
5,2014,153,4554,9627,2.1139657444005269,3.1694860127667885,10
6,2014,104,2188,4,0.0018281535648994515,0.042717811501089296,10
6,2014,113,907,163.01180790895887,0.17972635932630526,7.4004339904295051,4
6,2014,130,2188,3737,1.7079524680073126,0.92901178724953248,10
6,2014,153,2188,848,0.38756855575868371,0.48719520763838775,10
7,2014,104,4594,928,0.2020026121027427,0.43078670175043526,10
7,2014,130,4594,7557,1.6449717022202874,0.48349980411955673,10
7,2014,113,143,23.350240500760265,0.16328839511021165,0.7259915196589678,4
7,2014,153,4594,52,0.011319111885067479,0.10578747369703467,10
8,2014,104,3523,815,0.23133692875390294,0.45596945877573725,10
8,2014,130,3523,5550,1.5753619074652285,0.72322907392971292,10
8,2014,153,3523,271,0.076923076923076927,0.26646935501059649,10
1,2014,119,2466,0,0,0,10
1,2014,96,2466,7607,3.0847526358475266,0.75811016451175162,10
1,2014,152,2466,10,0.0040551500405515001,0.063550812730445203,10
2,2014,119,5751,0,0,0,10
1,2014,121,2108,612522,290.57020872865274,2.5960312276256112,1
2,2014,96,5751,12398,2.1557989914797426,0.59535150891538269,10
3,2014,119,5603,2336,0.41691950740674638,0.49304931979515226,10
2,2014,121,647,145805,225.35548686244204,44.355564847656019,1
2,2014,152,5751,0,0,0,10
3,2014,96,5603,13816,2.4658218811351063,0.6929188368125575,10
4,2014,119,7443,1141,0.15329840118231897,0.36027489695684284,10
3,2014,121,3462,948469,273.96562680531486,34.359497595026411,1
3,2014,152,5603,1448,0.25843298233089418,0.61159435941227047,10
5,2014,119,4554,3,0.00065876152832674575,0.025657894722200852,10
4,2014,96,7443,14973,2.011688835147118,0.57606697544335339,10
4,2014,121,3663,1027302,280.45372645372646,29.503591153839771,1
4,2014,152,7443,6544,0.87921537014644635,1.3027742810335714,10
5,2014,96,4554,7071,1.5527009222661396,0.70194093461064511,10
6,2014,119,2188,148,0.067641681901279713,0.25113001567085885,10
5,2014,121,2513,730982,290.88022284122565,3.9531149512025445,1
5,2014,152,4554,426,0.093544137022397889,0.29119346052260986,10
6,2014,96,2188,4320,1.9744058500914077,0.71819100633087274,10
7,2014,119,4594,27,0.0058772311710927295,0.076437486384981726,10
6,2014,121,2188,638424,291.78427787934186,4.4085351797410279,1
7,2014,96,4594,10841,2.3598171528080103,0.53810448011626333,10
6,2014,152,2188,2355,1.0763254113345522,0.56894561397179033,10
8,2014,119,3523,0,0,0,10
7,2014,121,4107,1127707,274.58168979790599,32.970474514236258,1
7,2014,152,4594,3322,0.72311710927296469,0.65845774394786583,10
8,2014,96,3523,7307,2.074084586999716,0.33681478850831165,10
8,2014,121,694,168056,242.15561959654178,44.645016649653094,1
8,2014,152,3523,347,0.098495600340618786,0.37929002302638926,10
1,2014,79,2466,1,0.00040551500405515005,0.020133319687439432,9
1,2014,143,2466,7998,3.2433090024330902,1.3397071798998317,10
1,2014,129,1336,371167,277.81961077844312,34.143010329195185,1
1,2014,81,1912,553623,289.55177824267781,29.157314565195499,0
2,2014,79,5751,0,0,0,9
2,2014,143,5751,54934,9.5520778994957407,5.3621767113254757,10
2,2014,129,5666,1669067,294.57589128132719,0.99396935085654903,1
2,2014,81,5036,1461034,290.11795075456712,23.451130202918474,0
3,2014,143,5603,58739,10.483490986971265,1.9289181248314302,10
3,2014,129,4036,1184351,293.44672943508425,11.761542491152763,1
3,2014,79,5603,176,0.031411743708727465,0.17442776747383051,9
4,2014,143,7443,70141,9.4237538626897752,2.4602026570333844,10
4,2014,79,7443,4878,0.65538089480048367,1.3565616727974745,9
3,2014,81,4060,1207610,297.44088669950742,11.559535470661784,0
4,2014,129,5029,1468557,292.01769735533901,16.356496632560454,1
5,2014,143,4554,30542,6.7066315327184896,2.9934073267331969,10
4,2014,81,3863,1077827,279.01294330830962,38.262507841219744,0
5,2014,79,4554,1258,0.27624066754501536,0.67232271961635681,9
5,2014,129,2485,730192,293.83983903420523,11.608819514376153,1
6,2014,143,2188,13878,6.3427787934186473,1.7653629527917436,10
5,2014,81,2444,711493,291.1182487725041,25.712775408185347,0
6,2014,79,2188,816,0.37294332723948814,0.61057044871119215,9
6,2014,129,1871,544599,291.0737573490112,19.665859494457028,1
7,2014,143,4594,60651,13.202220287331302,1.5687091372271984,10
6,2014,81,2045,591901,289.43814180929093,29.662514314726238,0
7,2014,79,4594,1929,0.41989551589029167,0.828453189090671,9
7,2014,129,4522,1327005,293.45532950022113,14.967763359074796,1
8,2014,143,3523,34686,9.8455861481691738,4.7143796811069265,10
7,2014,81,3574,991369,277.38360380526024,36.471992455622292,0
8,2014,79,3523,140,0.039738858927050806,0.19534503325712368,9
8,2014,129,3523,1039786,295.14220834516038,1.0572262751346597,1
8,2014,81,3502,1030750,294.33181039406054,11.475253790196458,0
1,2014,86,2466,1465,0.59407948094079477,0.63574057829910535,10
1,2014,88,2466,11821,4.7935928629359283,4.6025284302248188,9
1,2014,137,2466,0,0,0,10
2,2014,86,5751,10354,1.8003825421665798,2.4029353448080917,10
2,2014,88,5751,2232,0.38810641627543035,1.191296501735249,9
3,2014,86,5603,14322,2.5561306442976979,2.047582160145609,10
2,2014,137,5751,0,0,0,10
3,2014,88,5603,2141,0.38211672318400858,0.94568617648678055,9
4,2014,86,7443,25984,3.4910654306059383,2.2330363056083886,10
5,2014,86,4554,2932,0.64382960035133951,0.67489839046700695,10
4,2014,88,7443,26337,3.5384925433293026,4.3110567750977067,9
3,2014,137,5603,0,0,0,10
4,2014,137,7443,12973,1.7429799811903801,2.5643752682594503,10
5,2014,137,4554,27,0.0059288537549407111,0.076770452962668115,10
6,2014,137,2188,0,0,0,10
7,2014,137,4594,8049,1.7520679146713105,2.3770875780418828,10
8,2014,137,3523,0,0,0,10
5,2014,88,4554,16072,3.5292050944224855,4.556063099028373,9
6,2014,88,2188,32159,14.697897623400365,3.4115428276424997,9
7,2014,88,4594,29820,6.4910753156290815,2.71791385882648,9
8,2014,88,3523,1541,0.43741129718989497,0.853928357203666,9
6,2014,86,2188,3798,1.7358318098720293,0.44088928026487889,10
7,2014,86,4594,10041,2.1856769699608183,1.5746286157230682,10
8,2014,86,3523,523,0.14845302299176838,0.38469110514010557,10
1,2014,115,2466,7370,2.9886455798864557,1.7343533023075171,10
2,2014,115,5751,0,0,0,10
3,2014,115,5603,0,0,0,10
4,2014,115,7443,231,0.031035872632003223,0.17875572499830727,10
5,2014,115,4554,21564,4.7351778656126484,3.7118022222256046,10
6,2014,115,2188,1283,0.58638025594149912,0.7034370215872956,10
7,2014,115,4594,216,0.047017849368741836,0.2177596701691753,10
8,2014,115,3523,0,0,0,10
1,2014,145,498,129362,259.76305220883535,24.733358778523371,2
1,2014,138,2466,0,0,0,10
2,2014,145,994,262570.5,264.15543259557342,29.65798055375916,2
3,2014,145,101,22942.5,227.15346534653466,27.787270268622404,2
2,2014,138,5751,5579,0.97009215788558512,1.4955365023514038,10
4,2014,145,290,72880.5,251.31206896551726,32.004929995162293,2
3,2014,138,5603,26225,4.6805282884169195,4.4080659125589206,10
5,2014,145,419,114299,272.78997613365158,26.428632132962647,2
4,2014,138,7443,108986,14.642751578664518,4.8972661728468907,10
6,2014,145,831,220624,265.49217809867628,31.803088860678304,2
5,2014,138,4554,10877,2.3884497145366712,2.2835760262136495,10
7,2014,145,249,63298,254.20883534136547,34.967548958565317,2
6,2014,138,2188,467,0.21343692870201098,0.45917667073077739,10
8,2014,145,604,159792.5,264.55711920529802,31.373135663651826,2
7,2014,138,4594,27008,5.8789725729212012,3.556518868014408,10
1,2014,113,482,130375,270.48755186721991,42.715900848430636,0
8,2014,138,3523,3189,0.90519443655975018,1.012879721979917,10
1,2014,168,2466,226,0.091646390916463913,0.28852613390895909,10
2,2014,113,761,219739,288.75032851511168,30.936936456973509,0
2,2014,168,5751,1265,0.21996174578334202,0.76056842898829391,10
3,2014,113,114,28830,252.89473684210526,47.900549097876876,0
4,2014,113,2233,610157,273.24540976265115,40.002561021071365,0
3,2014,168,5603,3530,0.63001963233981795,0.89159226422887716,10
5,2014,113,327,86166,263.50458715596329,45.375623705514286,0
4,2014,168,7443,12296,1.6520220341260246,2.1965351126703911,10
6,2014,113,329,89824,273.02127659574467,39.80128646726569,0
5,2014,168,4554,190,0.041721563460693896,0.19995218079103111,10
7,2014,113,372,94482,253.98387096774192,49.78204925499125,0
8,2014,113,122,34676,284.22950819672133,31.511586962145721,0
6,2014,168,2188,153,0.069926873857404023,0.25502373648336096,10
7,2014,168,4594,7269,1.5822812363952983,1.2341637419986546,10
8,2014,168,3523,250,0.070962248084019297,0.26758846626415522,10
1,2014,77,2466,1022,0.41443633414436332,0.71152203881622145,10
2,2014,77,5751,713,0.12397843853242914,0.37820177194675481,10
1,2014,80,2466,0,0,0,9
3,2014,77,5603,5,0.00089237908263430305,0.029859382816916694,10
2,2014,80,5751,728,0.12658668057729092,0.41904016656672322,9
4,2014,77,7443,7146,0.96009673518742444,0.91026574897479207,10
3,2014,80,5603,0,0,0,9
5,2014,77,4554,3633,0.79776021080368908,0.86618223439773534,10
4,2014,80,7443,0,0,0,9
6,2014,77,2188,10368,4.7385740402193788,3.472697397858866,10
1,2014,157,2466,25391,10.296431467964315,1.9119198171559439,10
5,2014,80,4554,0,0,0,9
7,2014,77,4594,26598,5.7897257292120159,2.1237752266689811,10
2,2014,157,5751,90122,15.670665971135454,7.4044806061134576,10
6,2014,80,2188,0,0,0,9
8,2014,77,3523,7948,2.2560317910871417,1.6868915161774685,10
7,2014,80,4594,0,0,0,9
3,2014,157,5603,60333,10.767981438515081,4.3047478627752964,10
1,2014,80,2466,659,0.26723438767234386,0.44251572821508989,10
8,2014,80,3523,0,0,0,9
4,2014,157,7443,203211,27.302297460701329,15.154211240699636,10
2,2014,80,5751,747,0.12989045383411579,0.42237288947258211,10
5,2014,157,4554,92532,20.318840579710145,3.8191161995874148,10
3,2014,80,5603,0,0,0,10
6,2014,157,2188,36151,16.522394881170019,3.1608250093708299,10
4,2014,80,7443,0,0,0,10
7,2014,157,4594,135610,29.518937744884632,5.8587133092892492,10
5,2014,80,4554,372,0.081686429512516465,0.27388639386799252,10
8,2014,157,3523,82639,23.456996877661084,5.4216017250013477,10
6,2014,80,2188,0,0,0,10
7,2014,80,4594,0,0,0,10
8,2014,80,3523,217,0.061595231336928756,0.24041892357607583,10
1,2014,158,2466,14901,6.0425790754257909,5.2126137329623266,10
2,2014,158,5751,62807,10.921057207442184,3.9121850845351989,10
3,2014,158,5603,39415,7.0346243084062108,2.0218899736461484,10
4,2014,158,7443,137754,18.507859733978236,8.3401768772221523,10
5,2014,158,4554,41160,9.0382081686429512,7.6161962470900697,10
6,2014,158,2188,18253,8.342321755027422,3.6761373524824239,10
7,2014,158,4594,63963,13.923160644318676,5.1940129063448186,10
8,2014,158,3523,50141,14.232472324723247,3.3517677715574554,10
1,2014,147,2466,0,0,0,10
1,2014,139,2466,59371,24.075831305758314,2.7280659252569355,10
2,2014,147,5751,18762,3.2623891497130932,1.5178217223778594,10
2,2014,139,5751,34714,6.0361676230220835,4.7824608037771359,10
3,2014,147,5603,8771,1.5654113867570945,1.7465080393131895,10
1,2014,142,2466,51262,20.787510137875103,2.3577670399206609,10
3,2014,139,5603,51496,9.1907906478672139,5.3293298882936346,10
4,2014,147,7443,3506,0.47104662098616151,0.81637402704795481,10
2,2014,142,5751,1642,0.28551556251086768,0.83660634721754712,10
4,2014,139,7443,234392,31.491602848313853,11.988026546883514,10
5,2014,147,4554,8420,1.8489240228370662,1.6334005342116527,10
3,2014,142,5603,48368,8.6325182937711933,10.458644795898806,10
5,2014,139,4554,194771,42.769213877909529,7.3842174600938151,10
6,2014,147,2188,189,0.08638025594149909,0.28092473605038804,10
4,2014,142,7443,201846,27.118903667875855,16.442718594998034,10
6,2014,139,2188,68584,31.345521023765997,5.5016528223702243,10
7,2014,147,4594,19,0.0041358293426208099,0.064177287713563638,10
5,2014,142,4554,121331,26.642731664470794,9.4852093957430537,10
7,2014,139,4594,90821,19.76948193295603,12.008403687143806,10
8,2014,147,3523,1313,0.37269372693726938,0.52300284106869654,10
6,2014,142,2188,33589,15.35146252285192,4.3967291586245461,10
8,2014,139,3523,15825,4.4919103037184218,2.7778226097471097,10
1,2014,82,2466,24903,10.098540145985401,6.1502891202761223,10
7,2014,142,4594,18524,4.0322159338267305,2.1727340360728196,10
2,2014,82,5751,31830,5.5346896191966612,1.7339486398834967,10
3,2014,82,5603,30158,5.3824736748170618,2.6810111183302126,10
4,2014,82,7443,76775,10.315061131264276,9.9028614148075782,10
5,2014,82,4554,20906,4.5906895037329818,5.9835641749752337,10
6,2014,82,2188,77123,35.248171846435099,13.709646497205169,10
7,2014,82,4594,112397,24.466042664344798,13.689742724667056,10
8,2014,82,3523,24237,6.8796480272495035,2.6212829413750094,10
8,2014,142,3523,4927,1.3985239852398523,1.3966904969356211,10
1,2014,105,352,-15.816543146967888,-0.044933361212976954,0.1203824477523544,7
1,2014,89,1373,384734,280.21412964311725,19.290861152991379,2
1,2014,166,2466,37279,15.117193836171939,3.046352570321309,10
1,2014,153,19,4255,223.94736842105263,24.714099287676021,2
4,2014,105,331,-51.716886296868324,-0.15624436947694359,0.15370837063575862,7
2,2014,89,2894,820212.5,283.41827919834139,22.28764043239407,2
2,2014,166,5751,35987,6.2575204312293513,3.1317117037382496,10
5,2014,105,1705,-15.566898733377457,-0.0091301458846788607,0.05259438535767743,7
2,2014,153,31,7235.5,233.40322580645162,24.863634331585818,2
3,2014,89,1440,385594,267.77361111111111,28.612815179835422,2
3,2014,166,5603,43402,7.7462073888988039,2.7144784334431673,10
6,2014,105,24,-5.9729679226875305,-0.24887366344531378,0.0019861155578767497,7
4,2014,89,2681,732471.5,273.20831779186869,25.397458986706617,2
3,2014,153,35,8169.5,233.41428571428571,32.551165376172655,2
4,2014,166,7443,21730,2.919521698239957,1.3783606956605718,10
5,2014,89,1614,452616,280.43122676579924,20.141697029142559,2
4,2014,153,104,24106.5,231.79326923076923,29.720461303306994,2
5,2014,166,4554,52691,11.570267896354853,5.4094537822665938,10
6,2014,89,1382,384307,278.08031837916064,23.067361632655011,2
5,2014,153,95,23402.5,246.34210526315789,30.076854465107196,2
7,2014,89,1524,413903,271.58989501312334,24.863784871811188,2
6,2014,166,2188,8580,3.9213893967093236,2.1325456391868403,10
6,2014,153,51,11153,218.68627450980392,28.666260961158983,2
8,2014,89,2256,625859,277.41976950354609,24.566791630384238,2
7,2014,166,4594,16531,3.5983892033086633,3.1997098012767813,10
8,2014,166,3523,35764,10.151575361907465,4.7316599569865474,10
7,2014,153,189,45183.5,239.06613756613757,30.996921103326219,2
8,2014,153,41,9698.5,236.54878048780489,29.688793335740243,2
1,2014,137,376,-28.210498556494713,-0.075027921692805088,0.18175511238258796,7
1,2014,148,2466,3888,1.5766423357664234,1.4822571342037349,10
1,2014,121,2466,29579,11.994728304947284,0.74069832571557659,10
1,2014,113,1351,-436.53504133224487,-0.32311994177072162,0.24651659380903815,7
2,2014,137,545,-139.49463127413765,-0.25595345187915164,0.050053465053186266,7
2,2014,148,5751,106989,18.603547209181013,16.365628105236176,10
3,2014,113,180,-69.140428826212883,-0.38411349347896045,0.20939161733555556,7
3,2014,137,533,-164.40293512493372,-0.30844828353646103,0.10333584823104996,7
2,2014,121,5751,67289,11.70039993044688,3.3193967677552507,10
3,2014,148,5603,37111,6.6234160271283242,4.3000402153368658,10
4,2014,113,1060,-335.85384337231517,-0.31684324846444828,0.2127920225093545,7
3,2014,121,5603,60393,10.778689987506693,2.7948978138469029,10
4,2014,137,306,-42.235813200473785,-0.13802553333488166,0.14449995878101807,7
4,2014,148,7443,22890,3.0753728335348649,3.8347694739008018,10
5,2014,113,2859,-508.88240473531187,-0.17799314611238609,0.25116169250095005,7
4,2014,121,7443,76241,10.243315867257826,2.8551947223223784,10
5,2014,148,4554,386,0.08476064997804128,0.27852519130832898,10
5,2014,137,1653,0,0,0,7
6,2014,113,1123,-467.1070402264595,-0.41594571703157568,0.2066356609672908,7
5,2014,121,4554,45538,9.9995608256477819,0.72565133186336161,10
6,2014,137,80,-22.865072429180145,-0.2858134053647518,0.068966144451104064,7
7,2014,113,262,-79.045144289731979,-0.30169902400661058,0.12552819076091082,7
6,2014,148,2188,456,0.20840950639853748,0.5197055070162081,10
6,2014,121,2188,30619,13.994058500914077,1.7327001732973688,10
7,2014,137,172,-43.542495062230955,-0.2531540410594823,0.09300799139046402,7
7,2014,148,4594,6461,1.4063996517196342,1.5548491598655401,10
7,2014,121,4594,88213,19.201784936874184,5.970576989469504,10
8,2014,137,602,-164.90180059405975,-0.27392325680076368,0.18432563430272472,7
8,2014,121,3523,29952,8.5018450184501848,1.0849181558424332,10
8,2014,148,3523,20950,5.9466363894408172,5.2495479886302441,10
1,2014,89,538,-72.063654959201813,-0.13394731405056098,0.17357952281213093,7
2,2014,89,169,-42.857442498207092,-0.2535943343089177,0.02061863138933661,7
3,2014,89,348,-98.000657007098198,-0.28161108335373047,0.098877184862600026,7
4,2014,89,704,-188.78046770393848,-0.26815407344309444,0.1914150204018914,7
1,2014,165,2466,53672,21.764801297648013,2.3058500263752033,10
5,2014,89,2052,-142.11219172179699,-0.069255454055456619,0.15751306876979929,7
2,2014,165,5751,114256,19.867153538515041,9.5708879548726866,10
6,2014,89,79,-21.988824784755707,-0.27833955423741402,0.064198133979489272,7
3,2014,165,5603,120167,21.44690344458326,5.3898350559338741,10
7,2014,89,321,-122.45398141443729,-0.38147657761506948,0.20076523021315201,7
4,2014,165,7443,107942,14.502485556899099,5.140831430049059,10
8,2014,89,47,-11.769519612193108,-0.25041531089772567,0.0048189973700536312,7
5,2014,165,4554,83248,18.280193236714975,2.8989902316473262,10
6,2014,165,2188,46239,21.132998171846435,2.1563962010412374,10
1,2014,78,2466,0,0,0,10
7,2014,165,4594,112624,24.515454941227688,5.9608248498464516,10
2,2014,78,5751,0,0,0,10
8,2014,165,3523,89906,25.519727504967356,11.281138556198876,10
1,2014,164,2466,1732,0.70235198702351986,0.493068893450262,10
3,2014,78,5603,0,0,0,10
2,2014,164,5751,203093,35.314380107807338,7.5171351324185265,10
4,2014,78,7443,0,0,0,10
3,2014,164,5603,154674,27.605568445475637,10.315202858216495,10
5,2014,78,4554,0,0,0,10
4,2014,164,7443,115918,15.57409646647857,9.1669534658790237,10
6,2014,78,2188,0,0,0,10
5,2014,164,4554,9750,2.1409749670619234,2.6013701193479259,10
7,2014,78,4594,0,0,0,10
6,2014,164,2188,1361,0.62202925045703839,0.67415672496892554,10
8,2014,78,3523,0,0,0,10
7,2014,164,4594,53967,11.747279059643013,6.9274112918784381,10
8,2014,164,3523,88968,25.253477150156115,6.9043718415591249,10
1,2014,121,1714,-586.12225083867088,-0.34196163992921286,0.26115030126935751,7
2,2014,121,574,-169.87366630736506,-0.29594715384558373,0.11100623624369731,7
3,2014,121,951,-312.41172347031534,-0.32850864718224537,0.15785097379364821,7
4,2014,121,1730,-592.49330375541467,-0.34248167847133798,0.25382606868483226,7
5,2014,121,3148,-633.87915786635131,-0.20135932587876471,0.26046283326381314,7
1,2014,122,2466,158,0.064071370640713707,0.24488003206658968,10
6,2014,121,1586,-746.07585173100233,-0.47041352568159039,0.27026757756192843,7
2,2014,122,5751,37993,6.6063293340288647,2.7292069573293367,10
7,2014,121,933,-282.02360729128122,-0.30227610642152331,0.12242838715744386,7
3,2014,122,5603,56516,10.086739246832055,3.1307928917461654,10
8,2014,121,337,-98.775771906599402,-0.29310318073174896,0.12968009199739153,7
1,2014,126,2466,2744,1.1127331711273316,0.63764703898050146,10
4,2014,122,7443,66666,8.9568722289399432,5.6433376625775891,10
2,2014,126,5751,4870,0.84680925056511913,1.6057213255850729,10
5,2014,122,4554,327,0.07180500658761528,0.25816476834875784,10
3,2014,126,5603,30024,5.3585579154024634,2.776994844343557,10
6,2014,122,2188,4476,2.0457038391224862,1.6668931373371036,10
7,2014,122,4594,42917,9.3419677840661741,2.8059334720152762,10
8,2014,122,3523,32627,9.2611410729491919,3.8238888699045992,10
4,2014,126,7443,45525,6.1164852881902458,4.4377251123064632,10
5,2014,126,4554,10412,2.2863416776460257,0.82006705869281926,10
6,2014,126,2188,2042,0.93327239488116998,0.84769225644265422,10
7,2014,126,4594,25252,5.4967348715716149,3.3840148641195373,10
8,2014,126,3523,1361,0.3863184785694011,0.82695515333191427,10
1,2014,121,1815,NaN,NaN,NaN,6
2,2014,121,699,-20.057806867656836,-0.028695002671898191,0.067884878015126299,6
1,2014,162,2466,0,0,0,10
3,2014,121,1034,-19.145761309435329,-0.018516210163863955,0.074529759309097235,6
1,2014,113,2466,29470,11.950527169505271,4.6852239784860386,10
1,2014,129,747,NaN,NaN,NaN,6
2,2014,162,5751,28457,4.9481829247087461,6.0231478149171611,10
2,2014,113,5751,0,0,0,10
2,2014,129,1045,-24.541480011832391,-0.023484669867782193,0.05841356390455768,6
4,2014,121,2111,NaN,NaN,NaN,6
3,2014,162,5603,2969,0.52989469926824917,1.0517353174243249,10
5,2014,121,3367,NaN,NaN,NaN,6
3,2014,113,5603,0,0,0,10
3,2014,129,783,-9.8562640476611705,-0.012587821261380805,0.073147584276360506,6
4,2014,162,7443,3602,0.48394464597608489,0.76227307609269823,10
6,2014,121,1677,-188.27702427701115,-0.11227013970006627,0.17345530473087736,6
4,2014,129,937,NaN,NaN,NaN,6
5,2014,162,4554,0,0,0,10
4,2014,113,7443,0,0,0,10
7,2014,121,1052,-27.952620474847208,-0.026570932010311035,0.071012721188833894,6
5,2014,129,1706,NaN,NaN,NaN,6
6,2014,162,2188,40,0.018281535648994516,0.13396761214304395,10
5,2014,113,4554,8989,1.973869126043039,3.1259566976849342,10
8,2014,121,415,-10.056088451525284,-0.024231538437410324,0.064701218663248336,6
6,2014,129,332,-5.2665647255089425,-0.015863146763581151,0.079256030732420671,6
7,2014,129,431,-3.7015466913144337,-0.0085882753858803566,0.035302733783771773,6
6,2014,113,2188,2316,1.0585009140767825,1.7740914046791347,10
7,2014,162,4594,7276,1.5838049629952111,1.5182989967543423,10
8,2014,129,950,-42.586337120394091,-0.044827723284625358,0.11222133548857427,6
7,2014,113,4594,80,0.017414018284719199,0.13080814291128312,10
8,2014,113,3523,228,0.064717570252625603,0.24602684071706907,10
8,2014,162,3523,30217,8.5770650014192444,4.6916207020432363,10
1,2014,81,1012,247527,244.59189723320159,43.924999561970196,1
2,2014,81,1480,355342,240.09594594594594,46.717916984262374,1
1,2014,91,2466,473,0.19180859691808597,0.46633396797884485,10
1,2014,145,337,0.35796291239967104,0.0010622044878328518,0.025066360460592994,4
3,2014,81,1849,470275,254.34018388318009,43.5939213113964,1
1,2014,89,1382,380047,274.99782923299568,36.865981258593422,0
2,2014,91,5751,11135,1.9361850113023822,0.98780425291177565,10
2,2014,89,4179,1189538,284.64656616415408,31.516215352681634,0
4,2014,81,3071,785333,255.72549658091827,43.751613799580369,1
2,2014,145,134,21.649245505774161,0.1615615336251803,0.34413458119500639,4
3,2014,91,5603,2563,0.45743351775834373,0.51370610901948055,10
3,2014,89,2235,589984,263.97494407158837,42.642620794439395,0
5,2014,81,1065,267327,251.0112676056338,43.425181080961522,1
4,2014,91,7443,26,0.0034932151014375923,0.059000106353231947,10
3,2014,145,118,15.207000586000504,0.12887288632203817,0.25236327309776901,4
4,2014,89,3886,1075227,276.69248584662893,37.064755065792113,0
5,2014,91,4554,0,0,0,10
4,2014,145,229,6.5873665537219495,0.02876579281101288,0.10595987463437949,4
6,2014,81,1280,319882,249.90781250000001,43.499740676983862,1
5,2014,89,1632,451064,276.38725490196077,36.329841543586177,0
5,2014,145,1727,4.4515333087038016,0.0025776104856420393,0.044235495877765783,4
6,2014,91,2188,95,0.043418647166361977,0.229133999297358,10
7,2014,81,1578,381344,241.66286438529784,45.201482780260733,1
6,2014,89,1408,385263,273.62428977272725,40.882334007130595,0
6,2014,145,92,53.39565454001422,0.58038754934798065,1.9796508337278447,4
7,2014,91,4594,205,0.044623421854592948,0.2064755968064507,10
7,2014,89,4340,1250445,288.12096774193549,26.982694112188867,0
8,2014,81,1031,241606,234.34141610087295,46.326591458590784,1
7,2014,145,383,-49.799516782986757,-0.13002484799735445,2.2212295825440846,4
8,2014,91,3523,5526,1.5685495316491627,0.81048257266766222,10
8,2014,89,3047,873890,286.80341319330489,29.879768066571426,0
8,2014,145,339,73.448134696140187,0.21666116429539878,1.5773960549995909,4
1,2014,97,363,NaN,NaN,NaN,6
1,2014,95,2466,0,0,0,10
1,2014,129,655,-101.3834776696749,-0.15478393537354948,0.19348005331031734,7
1,2014,99,2466,0,0,0,10
4,2014,97,391,NaN,NaN,NaN,6
2,2014,129,811,-245.10258397832513,-0.30222266828400141,0.11230215021126337,7
2,2014,99,5751,190,0.033037732568249004,0.17873511349199928,10
2,2014,95,5751,9567,1.6635367762128326,1.2495830403150441,10
5,2014,97,1913,NaN,NaN,NaN,6
3,2014,129,752,-229.91146129369736,-0.30573332618842736,0.11078959133625657,7
3,2014,95,5603,7782,1.3888988042120294,1.1595531632461153,10
3,2014,99,5603,626,0.11172586114581474,0.31502887660822598,10
6,2014,97,52,0.046814323155558668,0.00090027544529920514,0.0015337538011488186,6
4,2014,129,938,-238.93472062889487,-0.25472784715233993,0.20453066056384187,7
4,2014,95,7443,10708,1.4386672040843747,1.2077469259733074,10
4,2014,99,7443,1631,0.21913207040171973,0.48205686887058435,10
5,2014,129,1697,-12.694503858685493,-0.0074805561925076567,0.048270755553150024,7
5,2014,95,4554,94,0.020641194554238032,0.14217994106628448,10
6,2014,129,257,-74.333764417096972,-0.28923643742061078,0.11480362672613888,7
5,2014,99,4554,221,0.048528765920070265,0.21488072225852484,10
6,2014,95,2188,1417,0.64762340036563071,0.65311713609128275,10
7,2014,129,234,-60.809199456125498,-0.25986837374412608,0.0718185491743073,7
7,2014,95,4594,9897,2.1543317370483237,0.65410841165631906,10
6,2014,99,2188,44,0.020109689213893969,0.14037553067972555,10
8,2014,95,3523,6449,1.8305421515753619,0.94675651760659574,10
8,2014,129,748,-235.00258278474212,-0.31417457591543063,0.17648079890780294,7
7,2014,99,4594,5,0.00108837614279495,0.032972588314640158,10
8,2014,99,3523,0,0,0,10
1,2014,98,2466,1099,0.44566098945660987,0.4970385014595603,10
2,2014,98,5751,2155,0.37471744044513999,0.50272841315008843,10
3,2014,98,5603,6320,1.127967160449759,0.46686524067036073,10
4,2014,98,7443,6194,0.83219132070401725,0.71220968728439682,10
5,2014,98,4554,3411,0.74901185770750989,0.43358170478129593,10
6,2014,98,2188,3595,1.6430530164533821,0.85999458084951652,10
1,2014,127,2466,27534,11.165450121654501,2.5618462294112807,10
7,2014,98,4594,6890,1.499782324771441,0.9639225413494299,10
1,2014,105,357,NaN,NaN,NaN,6
2,2014,127,5751,823,0.14310554686141541,0.37372030184619015,10
1,2014,89,2099,599891,285.79847546450691,13.063515361405171,1
2,2014,89,3948,1115338,282.50709219858157,31.177583982948221,1
3,2014,89,2427,659860,271.8829831067161,35.938570759468782,1
4,2014,89,3718,1012406,272.29854760623994,33.1016926778372,1
5,2014,89,2449,692605,282.81135157207024,19.52112323924954,1
6,2014,89,2154,608172,282.34540389972148,20.007740139890398,1
7,2014,89,1685,440279,261.29317507418398,41.327318843559581,1
8,2014,89,2706,734514,271.4390243902439,37.642679732019488,1
8,2014,98,3523,226,0.064149872267953448,0.24501972605477851,10
4,2014,105,495,NaN,NaN,NaN,6
5,2014,105,1798,NaN,NaN,NaN,6
6,2014,105,24,0.0079228468457586132,0.00033011861857327557,0.00058362076587664463,6
3,2014,127,5603,16585,2.9600214170979831,2.3719403786002116,10
4,2014,127,7443,101771,13.673384388015585,5.9289876871967175,10
5,2014,127,4554,66317,14.562362758014931,3.5122218685990254,10
6,2014,127,2188,29121,13.309414990859231,1.1132257202380038,10
7,2014,127,4594,30336,6.6033957335655202,5.9165835984345909,10
8,2014,127,3523,0,0,0,10
1,2014,105,374,NaN,NaN,NaN,5
1,2014,110,2466,0,0,0,10
1,2014,129,2466,18633,7.5559610705596105,0.84787252774342148,10
1,2014,106,2466,0,0,0,10
4,2014,105,509,NaN,NaN,NaN,5
2,2014,110,5751,3,0.00052164840897235261,0.022833665757161489,10
5,2014,105,1800,NaN,NaN,NaN,5
2,2014,106,5751,413,0.071813597635193877,0.258179017020912,10
2,2014,129,5751,325624,56.62041384107112,12.893288625067784,10
3,2014,110,5603,0,0,0,10
3,2014,106,5603,0,0,0,10
6,2014,105,24,-0.0020253006186976563,-8.4387525779069009e-005,0.00014617631120970143,5
4,2014,110,7443,0,0,0,10
3,2014,129,5603,237565,42.399607353203642,13.605926462335406,10
4,2014,106,7443,0,0,0,10
5,2014,110,4554,0,0,0,10
4,2014,129,7443,158254,21.262125487034798,5.782078539908988,10
6,2014,110,2188,109,0.049817184643510058,0.21756707645621495,10
5,2014,106,4554,0,0,0,10
5,2014,129,4554,48868,10.730786122090469,2.1612602958102265,10
7,2014,110,4594,0,0,0,10
6,2014,106,2188,0,0,0,10
6,2014,129,2188,21309,9.7390310786106031,1.7781410328922067,10
8,2014,110,3523,0,0,0,10
7,2014,106,4594,0,0,0,10
7,2014,129,4594,112080,24.397039616891597,8.6261011580112701,10
8,2014,129,3523,172585,48.988078342321884,7.7391385857167103,10
8,2014,106,3523,0,0,0,10
1,2014,167,2466,293,0.11881589618815896,0.3297784544837869,10
2,2014,167,5751,0,0,0,10
1,2014,77,2466,1118,0.45336577453365773,0.77917362802395806,9
3,2014,167,5603,0,0,0,10
1,2014,105,352,NaN,NaN,NaN,3
2,2014,77,5751,133,0.0231264127977743,0.15373639337133529,9
1,2014,97,520,142752,274.52307692307693,39.324188168962003,0
4,2014,167,7443,0,0,0,10
3,2014,77,5603,0,0,0,9
4,2014,105,331,NaN,NaN,NaN,3
2,2014,97,221,54168,245.10407239819006,46.840376206261084,0
5,2014,167,4554,10,0.0021958717610891525,0.046808652066663951,10
4,2014,77,7443,2156,0.28966814456536344,0.52958622715228942,9
3,2014,97,163,35261,216.32515337423314,42.841967188538845,0
5,2014,105,1705,NaN,NaN,NaN,3
6,2014,167,2188,5101,2.3313528336380256,1.5835605975727109,10
5,2014,77,4554,1233,0.27075098814229248,0.44434771357830194,9
4,2014,97,689,183398,266.1799709724238,45.117129993685097,0
7,2014,167,4594,1047,0.2279059643012625,0.66806995861768825,10
6,2014,105,24,0.021587790197372669,0.00089949125822386122,0.0015888045390482222,3
6,2014,77,2188,9714,4.4396709323583181,3.1129731318898419,9
8,2014,167,3523,0,0,0,10
7,2014,77,4594,24157,5.2583804962995213,2.3470311349049928,9
5,2014,97,643,175700,273.25038880248832,39.760259147412178,0
8,2014,77,3523,5325,1.5114958841896111,2.0663342600146342,9
6,2014,97,457,122548,268.15754923413567,41.570026244383406,0
7,2014,97,115,26616,231.44347826086957,44.559328561085152,0
8,2014,97,150,34113,227.41999999999999,44.557568754739449,0
1,2014,132,2466,885,0.35888077858880779,0.47967214360258498,10
1,2014,102,2466,0,0,0,10
1,2014,78,2466,0,0,0,9
1,2014,109,2466,0,0,0,10
2,2014,132,5751,20665,3.5932881238045558,2.682195944808381,10
2,2014,78,5751,0,0,0,9
2,2014,109,5751,0,0,0,10
2,2014,102,5751,0,0,0,10
3,2014,132,5603,75219,13.424772443333929,4.2816061141176078,10
3,2014,109,5603,0,0,0,10
4,2014,132,7443,70734,9.503426037887948,4.7580540857364948,10
3,2014,102,5603,0,0,0,10
3,2014,78,5603,0,0,0,9
4,2014,109,7443,0,0,0,10
5,2014,132,4554,6312,1.3860342555994729,1.6930294314722898,10
4,2014,102,7443,0,0,0,10
5,2014,109,4554,0,0,0,10
4,2014,78,7443,0,0,0,9
6,2014,132,2188,4976,2.2742230347349177,1.0785989836079724,10
5,2014,102,4554,0,0,0,10
6,2014,109,2188,0,0,0,10
7,2014,132,4594,17819,3.8787548976926427,2.3455079603531175,10
5,2014,78,4554,0,0,0,9
6,2014,102,2188,0,0,0,10
7,2014,109,4594,0,0,0,10
8,2014,132,3523,2199,0.62418393414703377,1.0055790339556967,10
6,2014,78,2188,100,0.045703839122486288,0.20884204129425707,9
7,2014,102,4594,0,0,0,10
8,2014,109,3523,0,0,0,10
8,2014,102,3523,0,0,0,10
7,2014,78,4594,0,0,0,9
8,2014,78,3523,0,0,0,9
1,2014,129,1579,444015,281.20012666244457,34.916391224916524,0
1,2014,124,2466,38310,15.535279805352799,2.1289940906852838,10
2,2014,124,5751,76745,13.344635715527735,11.172529250076844,10
3,2014,124,5603,253397,45.2252364804569,12.923819897766101,10
2,2014,129,2281,587716,257.65716790881191,47.796073760784822,0
4,2014,124,7443,164698,22.127905414483408,4.7331055977455634,10
3,2014,129,1387,341710,246.36625811103102,48.417553742082042,0
5,2014,124,4554,124733,27.389767237593325,5.3341394967397342,10
4,2014,129,2102,558098,265.50808753568032,46.426790647991645,0
6,2014,124,2188,41341,18.894424131627055,1.0889615615967831,10
5,2014,129,574,146978,256.05923344947735,50.655390797367239,0
7,2014,124,4594,71193,15.496952546800173,4.2495219156861754,10
6,2014,129,1419,383843,270.50246652572235,41.687220368462164,0
8,2014,124,3523,15311,4.346011921657678,3.4852273891203049,10
7,2014,129,1755,454467,258.95555555555558,45.754656844762138,0
8,2014,129,1621,416605,257.00493522516967,47.457971669309032,0
1,2014,93,2466,7442,3.0178426601784265,0.79312100323428014,10
1,2014,85,2466,4,0.0016220600162206002,0.040242128889068217,10
2,2014,85,5751,3362,0.58459398365501647,1.0858309579450003,10
2,2014,93,5751,17008,2.9573987132672577,2.2969653566277377,10
3,2014,85,5603,29,0.0051757986792789574,0.071756601001653722,10
3,2014,93,5603,33668,6.0089237908263433,1.5821574411426427,10
4,2014,85,7443,32,0.0042993416633078062,0.065428260901310459,10
4,2014,93,7443,36566,4.9128039768910385,2.9662078586972322,10
5,2014,85,4554,3,0.00065876152832674575,0.025657894722200852,10
5,2014,93,4554,21333,4.6844532279314892,1.7221055792086286,10
6,2014,85,2188,3,0.0013711151736745886,0.03700317846962755,10
6,2014,93,2188,8078,3.6919561243144425,1.2994124723166374,10
7,2014,85,4594,477,0.10383108402263823,0.30504129230863497,10
7,2014,93,4594,10202,2.2207226817588159,1.3322779599709718,10
8,2014,85,3523,1435,0.40732330400227079,0.60990291562964349,10
8,2014,93,3523,7487,2.1251774056202102,1.4200019553705443,10
1,2014,87,2466,0,0,0,10
1,2014,83,2466,0,0,0,10
2,2014,87,5751,0,0,0,10
2,2014,83,5751,0,0,0,10
3,2014,87,5603,0,0,0,10
3,2014,83,5603,0,0,0,10
4,2014,87,7443,0,0,0,10
4,2014,83,7443,0,0,0,10
5,2014,87,4554,0,0,0,10
5,2014,83,4554,0,0,0,10
6,2014,87,2188,0,0,0,10
6,2014,83,2188,0,0,0,10
7,2014,87,4594,0,0,0,10
7,2014,83,4594,0,0,0,10
8,2014,87,3523,0,0,0,10
8,2014,83,3523,0,0,0,10
1,2014,97,976,246128,252.18032786885246,44.397864258454717,1
1,2014,140,2466,42553,17.255879967558801,5.4206485360785983,10
2,2014,97,5379,1579776,293.69325153374234,14.503660742904817,1
2,2014,140,5751,113383,19.715353851504087,10.177857000727949,10
3,2014,97,3642,1037867,284.9717188358045,29.034122245066854,1
3,2014,140,5603,38943,6.9503837230055323,7.240177412093769,10
4,2014,97,3295,871098,264.36965098634295,42.25767393148535,1
4,2014,140,7443,273293,36.71812441219938,13.611984592586433,10
5,2014,97,1055,280442,265.8218009478673,40.381128558721841,1
5,2014,140,4554,82815,18.185111989459816,12.26531962759913,10
6,2014,97,791,198431,250.86093552465235,44.925063366314767,1
6,2014,140,2188,37423,17.103747714808044,5.5339012222015151,10
7,2014,97,2657,728175,274.059089198344,38.065706533885844,1
8,2014,97,3490,1029868,295.09111747851006,9.4633212098835884,1
7,2014,140,4594,177585,38.655855463648237,10.994882526397019,10
8,2014,140,3523,115040,32.653988078342323,12.094941052112361,10
1,2014,116,2466,27058,10.97242497972425,5.8884647052525114,10
1,2014,81,2466,0,0,0,10
2,2014,116,5751,0,0,0,10
2,2014,81,5751,0,0,0,10
3,2014,116,5603,0,0,0,10
3,2014,81,5603,0,0,0,10
4,2014,116,7443,16043,2.1554480720139728,2.8458810422163299,10
4,2014,81,7443,0,0,0,10
5,2014,116,4554,8528,1.8726394378568292,2.1578126008659959,10
5,2014,81,4554,0,0,0,10
6,2014,116,2188,16374,7.4835466179159047,1.8158362478223034,10
6,2014,81,2188,71,0.032449725776965262,0.17719125563628985,10
7,2014,116,4594,25115,5.4669133652590336,5.2994252000904591,10
7,2014,81,4594,193,0.042011319111885069,0.20061497496040626,10
8,2014,81,3523,0,0,0,10
8,2014,116,3523,16,0.0045415838773772352,0.067238068779984922,10
1,2014,145,337,-8.3082556575536728,-0.024653577618853628,0.074905999437512777,7
1,2014,117,2466,0,0,0,10
2,2014,145,262,-70.206097409129143,-0.26796220385163794,0.060652313992238902,7
2,2014,117,5751,0,0,0,10
3,2014,145,212,-60.201356008648872,-0.28396866041815505,0.075820373680343028,7
3,2014,117,5603,0,0,0,10
4,2014,145,240,-25.572511315345764,-0.10655213048060735,0.14228057043025857,7
4,2014,117,7443,0,0,0,10
5,2014,145,1730,-20.135115817189217,-0.01163879527005157,0.054961660116493144,7
5,2014,117,4554,0,0,0,10
6,2014,145,162,-52.214257627725601,-0.32231023226991112,0.14901365842288467,7
6,2014,117,2188,0,0,0,10
7,2014,145,501,-130.58247060258873,-0.2606436538973827,0.059938104576310484,7
7,2014,117,4594,61,0.013278188942098389,0.11446343800758531,10
8,2014,145,378,-120.0930237332359,-0.31770641199268757,0.1513781957421611,7
8,2014,117,3523,0,0,0,10
1,2014,161,2466,0,0,0,10
1,2014,81,1406,-496.62593179568648,-0.35321901265696054,0.28628919768443112,7
2,2014,161,5751,0,0,0,10
2,2014,81,1031,-316.87627066671848,-0.30734846815394617,0.14856130494159447,7
3,2014,161,5603,0,0,0,10
3,2014,81,1429,-471.69121524691582,-0.33008482522527349,0.15516284544244222,7
4,2014,161,7443,0,0,0,10
4,2014,81,2028,-714.63363140448928,-0.35238344743811106,0.20610149169497094,7
5,2014,161,4554,0,0,0,10
5,2014,81,3443,-903.11275426205248,-0.26230402389255081,0.33087664169924802,7
6,2014,161,2188,0,0,0,10
6,2014,81,1403,-503.10713101667352,-0.35859382110953208,0.16761488161338872,7
7,2014,161,4594,0,0,0,10
7,2014,81,2259,-964.58789091184735,-0.42699773834079119,0.22370629747681481,7
8,2014,161,3523,231,0.065569117229633836,0.24752738857621467,10
1,2014,144,2466,1958,0.79399837793998373,1.1152833382470924,10
8,2014,81,1175,-438.1991866119206,-0.37293547796759202,0.17889593910788862,7
1,2014,86,2466,786,0.31873479318734793,0.46598597060337177,9
2,2014,86,5751,4979,0.86576247609111456,1.1587869102560178,9
2,2014,144,5751,5221,0.90784211441488438,1.1607949956157702,10
3,2014,144,5603,938,0.16741031590219524,0.37334180322021593,10
3,2014,86,5603,10036,1.7911832946635731,1.7177036652540081,9
4,2014,144,7443,1013,0.13610103452908773,0.3428958193521755,10
5,2014,144,4554,0,0,0,10
4,2014,86,7443,26032,3.4975144431009002,2.5939994216957349,9
6,2014,144,2188,765,0.34963436928702013,0.76889058813024791,10
7,2014,144,4594,443,0.096430126251632567,0.2951802110622031,10
8,2014,144,3523,2580,0.73233040022707918,0.77876070011800991,10
5,2014,86,4554,2466,0.54150197628458496,0.68880503580959429,9
6,2014,86,2188,3450,1.576782449725777,0.49406928199809014,9
7,2014,86,4594,13667,2.9749673487157162,2.2840382920827116,9
8,2014,86,3523,354,0.10048254328697133,0.30064231535423164,9
1,2014,121,1714,NaN,NaN,NaN,3
1,2014,123,2466,825,0.33454987834549876,0.53770876681485802,10
1,2014,118,2466,0,0,0,10
1,2014,129,828,NaN,NaN,NaN,5
2,2014,121,574,-21.100218368446804,-0.036759962314367255,0.088806447624119655,3
2,2014,123,5751,5103,0.88732394366197187,1.226765344648957,10
2,2014,118,5751,0,0,0,10
2,2014,129,1244,-3.9763270545718115,-0.0031964043847040285,0.024024696116301269,5
3,2014,121,951,-59.732575327197992,-0.062810278998105137,0.12628406613535051,3
3,2014,118,5603,0,0,0,10
4,2014,121,1730,NaN,NaN,NaN,3
3,2014,123,5603,4587,0.81866857040870966,0.5825971729397682,10
3,2014,129,947,-6.7272057759619202,-0.007103701980952397,0.037062848975193317,5
4,2014,118,7443,0,0,0,10
5,2014,121,3148,NaN,NaN,NaN,3
4,2014,123,7443,21979,2.9529759505575708,1.6273699254328433,10
4,2014,129,1099,NaN,NaN,NaN,5
5,2014,118,4554,0,0,0,10
6,2014,121,1586,-279.67056828131535,-0.17633705440183817,0.21621979514532291,3
5,2014,123,4554,5123,1.1249451032059727,1.1092997546213299,10
5,2014,129,1706,NaN,NaN,NaN,5
6,2014,118,2188,0,0,0,10
7,2014,121,933,-39.021041984053227,-0.041823196124387167,0.09794474294711733,3
6,2014,123,2188,4008,1.8318098720292504,0.85409702815547006,10
6,2014,129,413,-1.56096676029847,-0.0037795805334103392,0.023171130403794371,5
7,2014,118,4594,2,0.00043535045711797995,0.020860511189744777,10
7,2014,123,4594,23238,5.0583369612538096,1.930911939309246,10
8,2014,121,337,-11.621410345480399,-0.034484897167597624,0.1037468022355663,3
8,2014,118,3523,131,0.037184217996026114,0.18921298033710615,10
8,2014,123,3523,4913,1.3945500993471474,1.3783920420558975,10
7,2014,129,596,-0.76415389063913608,-0.001282137400401235,0.017356066659362006,5
8,2014,129,1067,-17.56280964933103,-0.016459990299279314,0.055573459278636314,5
1,2014,121,2004,583297,291.06636726546907,22.856994600613824,0
1,2014,145,364,NaN,NaN,NaN,5
1,2014,129,635,481.01593012215744,0.75750540176717707,20.514872423507388,4
2,2014,121,1248,323917,259.54887820512823,45.776132882652661,0
1,2014,92,2466,2479,1.005271695052717,1.2873663157022048,10
2,2014,129,599,132.47759263918852,0.22116459539096581,0.5041954716311452,4
2,2014,145,365,-0.16914376009117404,-0.00046340756189362754,0.010438294677259513,5
3,2014,121,2039,537518,263.61844041196667,45.192906487445285,0
2,2014,92,5751,36985,6.4310554686141543,3.448213735818126,10
4,2014,121,3257,916917,281.52195271722445,35.965308739444694,0
3,2014,129,557,378.51499228873581,0.67956012978229052,8.7015020158102647,4
3,2014,145,459,-0.36493766879902978,-0.00079507117385409535,0.0081046486293175051,5
3,2014,92,5603,35054,6.2562912725325717,2.4560373635350814,10
5,2014,121,2359,689462,292.26875794828317,22.235927218988667,0
4,2014,145,317,NaN,NaN,NaN,5
4,2014,129,805,363.02766586738289,0.45096604455575517,5.1193836322168691,4
4,2014,92,7443,65553,8.8073357517130191,4.3370634655210667,10
6,2014,121,1953,570443,292.08550947260625,23.481128589904852,0
5,2014,145,1877,NaN,NaN,NaN,5
5,2014,129,1697,6.2847615131468046,0.0037034540442821475,0.056979376306841197,4
5,2014,92,4554,16373,3.5953008344312694,3.3916227442377416,10
7,2014,121,994,254182,255.71629778672033,47.03124091182454,0
6,2014,145,369,-1.7571254059002968,-0.0047618574685644897,0.022539024105152114,5
6,2014,129,214,32.457510242704302,0.15167060861076775,0.81023407141051407,4
6,2014,92,2188,8037,3.6732175502742233,2.7550311753533996,10
7,2014,145,836,-5.8107206466502248,-0.0069506227830744317,0.032327335719524904,5
8,2014,121,106,25510,240.66037735849056,41.038382124601036,0
7,2014,129,191,19.403454226747272,0.10158876558506424,1.4567974761919158,4
8,2014,145,407,-9.9399227698613686,-0.024422414667964052,0.056344680373503389,5
7,2014,92,4594,38447,8.3689595124074874,2.8825361611967995,10
8,2014,129,537,169.37326985906839,0.31540646156251095,2.3060711452351081,4
8,2014,92,3523,14157,4.0184501845018454,2.5878710487312899,10
1,2014,97,394,NaN,NaN,NaN,5
1,2014,137,415,NaN,NaN,NaN,5
1,2014,90,2466,9971,4.0433901054339012,2.5030684542023174,9
1,2014,105,348,11.967130460747285,0.034388305921687602,0.14381476656456221,4
4,2014,97,397,NaN,NaN,NaN,5
2,2014,137,710,-3.8536111542271101,-0.0054276213439818453,0.02077718040345165,5
2,2014,90,5751,205354,35.707529125369504,15.583375882428028,9
4,2014,105,214,20.431037477479549,0.095472137745231542,0.26842879847856854,4
5,2014,97,1946,NaN,NaN,NaN,5
3,2014,137,798,-2.4039397609503794,-0.0030124558407899492,0.017491481575326942,5
6,2014,97,54,-0.0087089060143625829,-0.0001612760373030108,0.00026714943839229816,5
3,2014,90,5603,185781,33.15741567017669,10.639998075840177,9
5,2014,105,1705,14.115873090631794,0.0082791044519834565,0.070828291921402192,4
4,2014,137,396,NaN,NaN,NaN,5
4,2014,90,7443,76537,10.283084777643424,3.5612251237135788,9
5,2014,90,4554,14191,3.1161616161616164,2.7696497444374102,9
5,2014,137,1679,NaN,NaN,NaN,5
6,2014,90,2188,5518,2.5219378427787933,2.0948647693792966,9
6,2014,137,107,-0.36058920601317368,-0.0033699925795623708,0.044787691901939132,5
7,2014,90,4594,32512,7.0770570309098826,4.4751702591888405,9
7,2014,137,451,-1.4597593113667244,-0.0032367168766446216,0.017006368913680327,5
8,2014,90,3523,62783,17.820891285835934,3.0216355988316659,9
8,2014,137,698,-13.807966667891378,-0.019782187203282776,0.061008675951033896,5
1,2014,137,70,14705,210.07142857142858,41.058606694254344,0
2,2014,137,1590,386559,243.1188679245283,48.767375771092219,0
1,2014,113,1529,NaN,NaN,NaN,6
3,2014,137,1101,270258,245.46594005449592,51.153097598893204,0
1,2014,94,2466,0,0,0,10
1,2014,89,714,NaN,NaN,NaN,5
3,2014,113,296,-3.9395351217353891,-0.013309240276133071,0.075656149491827307,6
4,2014,137,534,127151,238.11048689138576,47.649753709771623,0
2,2014,89,254,0.032826501899762661,0.00012923819645575851,0.00043627565588351619,5
2,2014,94,5751,1239,0.21544079290558163,0.41112778750383183,10
4,2014,113,1533,NaN,NaN,NaN,6
5,2014,137,115,26878,233.72173913043477,44.768690112250717,0
3,2014,94,5603,24,0.0042834195966446548,0.065307518045043908,10
6,2014,137,134,32957,245.94776119402985,48.361406403413277,0
3,2014,89,595,-0.43410049803242146,-0.00072958066896205282,0.0074672204588019557,5
5,2014,113,3018,NaN,NaN,NaN,6
4,2014,94,7443,1177,0.15813516055354024,0.36486769047182882,10
5,2014,94,4554,149,0.032718489240228368,0.17789881872026422,10
6,2014,94,2188,1048,0.4789762340036563,0.5148760108656999,10
7,2014,94,4594,3344,0.72790596430126253,0.56217332319746738,10
8,2014,94,3523,1721,0.48850411581038888,0.49986782717704392,10
7,2014,137,446,103985,233.15022421524662,48.531551730834366,0
8,2014,137,1585,403721,254.71356466876972,49.754488460775626,0
4,2014,89,1251,NaN,NaN,NaN,5
5,2014,89,2383,NaN,NaN,NaN,5
6,2014,89,254,-0.031001781640952686,-0.00012205425842894759,0.00027582786635438979,5
7,2014,89,919,-4.8686910271881061,-0.0052978139577672537,0.030926041731726334,5
8,2014,89,153,-1.1186916688420752,-0.0073117102538697723,0.023952406606115004,5
6,2014,113,1254,-126.65354775230662,-0.1009996393559064,0.14442851393763995,6
7,2014,113,331,-9.4930579592601134,-0.028679933411661973,0.068791322609231945,6
1,2014,155,2466,0,0,0,10
1,2014,159,2466,51426,20.854014598540147,6.3817284437711885,10
1,2014,84,2466,0,0,0,9
1,2014,101,2466,0,0,0,10
2,2014,159,5751,271561,47.219787862980354,43.806660531167189,10
2,2014,101,5751,0,0,0,10
2,2014,155,5751,86023,14.95792036167623,13.800991453750985,10
2,2014,84,5751,0,0,0,9
3,2014,159,5603,29108,5.1950740674638585,3.6779070873700914,10
3,2014,101,5603,0,0,0,10
4,2014,159,7443,63174,8.4877065699314791,6.4555823296783821,10
3,2014,84,5603,0,0,0,9
3,2014,155,5603,8255,1.4733178654292343,1.0563932169174428,10
4,2014,101,7443,0,0,0,10
4,2014,84,7443,0,0,0,9
5,2014,159,4554,25574,5.6157224418093987,4.7549875410821869,10
4,2014,155,7443,4881,0.65578395808141876,0.95090547093033906,10
5,2014,101,4554,0,0,0,10
6,2014,159,2188,40077,18.316727605118832,3.0898716841515075,10
5,2014,84,4554,0,0,0,9
7,2014,159,4594,100231,21.817805833696127,9.7599898419973261,10
6,2014,84,2188,0,0,0,9
6,2014,101,2188,412,0.1882998171846435,0.39095139855597566,10
8,2014,159,3523,80846,22.948055634402497,27.456173598775379,10
5,2014,155,4554,0,0,0,10
7,2014,84,4594,0,0,0,9
7,2014,101,4594,295,0.064214192424902047,0.24513410598307145,10
6,2014,155,2188,0,0,0,10
8,2014,84,3523,0,0,0,9
8,2014,101,3523,0,0,0,10
7,2014,155,4594,721,0.15694383979103177,0.37027196217236935,10
8,2014,155,3523,41112,11.669599772920806,13.280948668699892,10
1,2014,89,2466,66238,26.860502838605029,4.0743303091623453,9
1,2014,97,336,-13.345175474882126,-0.039717784151434898,0.12898218894614183,7
2,2014,89,5751,59987,10.430707703008173,6.9089532760888392,9
1,2014,103,2466,0,0,0,10
1,2014,113,1340,354926,264.87014925373137,36.830951110162829,1
2,2014,103,5751,0,0,0,10
4,2014,97,310,-48.81781542301178,-0.1574768239451993,0.16814412706395182,7
2,2014,113,631,152486,241.65768621236134,47.199278450491313,1
3,2014,89,5603,114918,20.510083883633769,5.1012273155619674,9
3,2014,103,5603,0,0,0,10
3,2014,113,128,29439,229.9921875,44.022631980208132,1
5,2014,97,1761,-29.435418903827667,-0.01671517257457562,0.0665298524579198,7
4,2014,89,7443,172481,23.173585919656052,4.0132075212477183,9
4,2014,103,7443,0,0,0,10
5,2014,89,4554,113806,24.990338164251209,4.3080639240446938,9
5,2014,103,4554,0,0,0,10
4,2014,113,976,241148,247.07786885245901,46.898893713218818,1
6,2014,97,24,-6.0134843438863754,-0.25056184766193229,0.0068009984834130005,7
6,2014,89,2188,41941,19.168647166361975,2.2643781099201883,9
6,2014,103,2188,0,0,0,10
7,2014,89,4594,84250,18.339138006094906,2.9316559583150812,9
5,2014,113,234,51743,221.12393162393161,44.334075855691864,1
7,2014,103,4594,0,0,0,10
8,2014,103,3523,0,0,0,10
8,2014,89,3523,51620,14.652284984388306,4.2379899632630798,9
6,2014,113,1542,403698,261.80155642023345,38.04016305642844,1
7,2014,113,809,204586,252.88751545117429,42.95866820762857,1
8,2014,113,1578,428809,271.74207858048163,35.290915058507942,1
1,2014,81,2466,0,0,0,9
2,2014,81,5751,0,0,0,9
1,2014,105,53,12499,235.83018867924528,29.756708993991158,2
3,2014,81,5603,0,0,0,9
1,2014,121,1630,1284.6907271848177,0.78815382035878379,10.034900753758302,4
2,2014,105,245,65235.5,266.26734693877552,26.78422767497571,2
4,2014,81,7443,0,0,0,9
2,2014,121,434,69.52594878191303,0.16019803866800236,0.58640826521038425,4
3,2014,105,66,16584.5,251.28030303030303,31.382190566572266,2
5,2014,81,4554,0,0,0,9
1,2014,129,1126,317761,282.20337477797511,23.154750598730157,2
3,2014,121,711,-53.66782248832169,-0.075482169463180995,8.3157159170189949,4
4,2014,105,677,183423.5,270.9357459379616,28.475609686945884,2
6,2014,81,2188,149,0.068098720292504564,0.25191523293962953,9
2,2014,129,2281,629599.5,276.01907058307762,23.850512825664218,2
4,2014,121,1431,382.26891795234405,0.26713411457186864,1.7067800648993852,4
5,2014,105,197,49390.5,250.71319796954316,33.51070331970233,2
7,2014,81,4594,279,0.060731388767958208,0.23883694686181475,9
3,2014,129,1371,369304.5,269.36870897155359,25.164794095392907,2
6,2014,105,482,125914.5,261.23340248962654,31.895364854653167,2
5,2014,121,2816,971.19262936667656,0.34488374622396184,8.3589927380301567,4
8,2014,81,3523,0,0,0,9
4,2014,129,2083,583885.5,280.3098895823332,23.525858504520784,2
7,2014,105,44,10406.5,236.51136363636363,34.370886305319942,2
6,2014,121,1437,1342.5195713009598,0.93425161537993029,10.768307568338775,4
5,2014,129,563,154323,274.1083481349911,26.575319108640219,2
8,2014,105,942,267332.5,283.79246284501062,22.376024961666992,2
7,2014,121,696,160.6515427990671,0.23082118218256767,1.0972966540844664,4
6,2014,129,1295,364633,281.56988416988418,23.032483783842991,2
7,2014,129,1705,469041,275.09736070381234,24.174504129880319,2
8,2014,121,308,160.53262278501643,0.52120981423706636,8.349404865206056,4
8,2014,129,1621,447582,276.11474398519431,23.692901526370765,2
1,2014,137,404,NaN,NaN,NaN,6
2,2014,137,584,-4.7803785895121109,-0.0081855797765618341,0.031932604039066025,6
3,2014,137,699,-7.4645808630866668,-0.010678942579523128,0.04079069551101653,6
4,2014,137,318,NaN,NaN,NaN,6
5,2014,137,1653,NaN,NaN,NaN,6
1,2014,97,2466,2037,0.82603406326034068,0.37908018887031303,10
1,2014,145,1977,575866,291.28275164390493,15.422115610033776,1
1,2014,83,2466,0,0,0,9
6,2014,137,33,-1.753667462944577,-0.053141438271047788,0.073449650605932892,6
2,2014,83,5751,0,0,0,9
7,2014,137,369,-2.4254109558805794,-0.0065729294197305679,0.028292802634911168,6
2,2014,97,5751,12944,2.2507390019127107,0.72566704145811678,10
2,2014,145,1962,548426,279.52395514780835,36.114294823171548,1
3,2014,83,5603,0,0,0,9
4,2014,83,7443,0,0,0,9
5,2014,83,4554,0,0,0,9
6,2014,83,2188,0,0,0,9
7,2014,83,4594,0,0,0,9
8,2014,83,3523,0,0,0,9
8,2014,137,645,-33.832793323832448,-0.052453943137724723,0.12670194315020131,6
3,2014,97,5603,9185,1.6393003747992148,0.7256089231689018,10
4,2014,97,7443,7372,0.9904608356845358,0.74240502304093425,10
5,2014,97,4554,2069,0.4543258673693456,0.49790950343253881,10
6,2014,97,2188,1324,0.60511882998171851,0.52749913102166601,10
7,2014,97,4594,9855,2.1451893774488462,1.0497173661571224,10
8,2014,97,3523,4358,1.2370139086006244,0.76784169246950273,10
3,2014,145,287,62277,216.99303135888502,41.528546332580362,1
4,2014,145,1866,501498,268.75562700964628,40.423538542992233,1
5,2014,145,2027,585195,288.7000493339911,21.985033591519969,1
6,2014,145,1549,430240,277.75338928340864,34.901371638158103,1
7,2014,145,849,217291,255.93757361601885,46.525316276780742,1
8,2014,145,2310,646917,280.05064935064934,35.698054769090227,1
1,2014,114,2466,7721,3.1309813463098135,1.3048498071106729,10
2,2014,114,5751,0,0,0,10
3,2014,114,5603,0,0,0,10
4,2014,114,7443,0,0,0,10
1,2014,125,2466,10084,4.0892133008921334,1.4978185101867718,10
5,2014,114,4554,4578,1.005270092226614,1.6466434576801403,10
2,2014,125,5751,31647,5.5028690662493478,4.5517122354241648,10
6,2014,114,2188,718,0.32815356489945158,0.52120735083114245,10
1,2014,89,538,NaN,NaN,NaN,3
3,2014,125,5603,21155,3.775655898625736,3.0120526366498073,10
7,2014,114,4594,0,0,0,10
2,2014,89,169,-0.48624698892672313,-0.0028772011179096042,0.016495005603113354,3
8,2014,114,3523,0,0,0,10
4,2014,125,7443,34694,4.6612924895875318,4.0668721306856783,10
3,2014,89,348,-8.801210066092608,-0.025290833523254622,0.079102883805240887,3
5,2014,125,4554,27747,6.0928853754940713,2.0217150894670883,10
4,2014,89,704,NaN,NaN,NaN,3
5,2014,89,2052,NaN,NaN,NaN,3
6,2014,125,2188,10357,4.7335466179159047,1.4909320174754903,10
6,2014,89,79,-1.7912076707561937,-0.022673514819698655,0.051359106440428598,3
7,2014,125,4594,84410,18.373966042664346,8.3513341166425423,10
7,2014,89,321,-33.764304901111245,-0.10518475047075154,0.16061593849982378,3
8,2014,125,3523,53908,15.301731478853251,10.931290835985321,10
8,2014,89,47,-0.015689217078033835,-0.0003338131293198688,0.0038552174054269036,3
1,2014,156,2466,71864,29.141930251419303,3.234566224172521,10
1,2014,97,346,93532.5,270.32514450867052,30.648655603419968,2
1,2014,108,2466,0,0,0,10
1,2014,84,2466,0,0,0,10
2,2014,156,5751,103677,18.027647365675534,18.101870796148148,10
2,2014,84,5751,0,0,0,10
2,2014,97,221,59809.5,270.63122171945702,23.438636024487504,2
2,2014,108,5751,0,0,0,10
3,2014,156,5603,192014,34.269855434588614,16.383750098262951,10
3,2014,84,5603,0,0,0,10
3,2014,97,135,32483,240.61481481481482,28.517242395690932,2
4,2014,84,7443,0,0,0,10
4,2014,156,7443,239496,32.17734784361145,13.542266183220253,10
3,2014,108,5603,0,0,0,10
4,2014,97,459,117530,256.0566448801743,30.611542073752819,2
5,2014,84,4554,0,0,0,10
4,2014,108,7443,0,0,0,10
5,2014,156,4554,141797,31.136802810715853,9.8381251789928363,10
5,2014,97,557,151982.5,272.85906642728906,26.497948388268167,2
6,2014,84,2188,0,0,0,10
5,2014,108,4554,0,0,0,10
6,2014,156,2188,51962,23.748628884826324,7.0714473993051925,10
6,2014,97,174,46858,269.29885057471262,26.838647268157697,2
7,2014,156,4594,48678,10.595994775794514,11.662297310557358,10
7,2014,84,4594,0,0,0,10
6,2014,108,2188,0,0,0,10
7,2014,97,109,28014,257.00917431192659,25.212671713140047,2
8,2014,156,3523,2845,0.8075503831961397,1.1576694069580891,10
8,2014,84,3523,0,0,0,10
7,2014,108,4594,0,0,0,10
8,2014,97,150,39231.5,261.54333333333335,22.240648721553583,2
8,2014,108,3523,0,0,0,10
1,2014,87,2466,0,0,0,9
1,2014,97,336,21.535727511145524,0.064094427116504538,0.23624182786074555,4
2,2014,87,5751,0,0,0,9
4,2014,97,307,34.467379523135605,0.11227159453790099,0.28730260413198921,4
3,2014,87,5603,0,0,0,9
5,2014,97,1761,12.631014502068865,0.0071726374230941881,0.06745922542082923,4
4,2014,87,7443,0,0,0,9
1,2014,85,2466,16,0.0064882400648824008,0.080287874587280331,9
1,2014,81,1744,NaN,NaN,NaN,5
2,2014,85,5751,4430,0.7703008172491741,1.7462764310389645,9
5,2014,87,4554,0,0,0,9
2,2014,81,1466,-6.3462047275461373,-0.0043289254621733542,0.032213500598021402,5
3,2014,85,5603,64,0.011422452257719078,0.10626372778205743,9
6,2014,87,2188,0,0,0,9
3,2014,81,1846,-8.409158418973675,-0.0045553404219792386,0.028261525041666378,5
4,2014,85,7443,53,0.0071207846298535537,0.084083762142929799,9
7,2014,87,4594,0,0,0,9
4,2014,81,3031,NaN,NaN,NaN,5
5,2014,85,4554,10,0.0021958717610891525,0.046808652066663951,9
8,2014,87,3523,0,0,0,9
6,2014,85,2188,182,0.08318098720292505,0.27615559123594052,9
5,2014,81,3850,NaN,NaN,NaN,5
7,2014,85,4594,571,0.12429255550718328,0.35101350577658746,9
6,2014,81,1662,-20.373349883442643,-0.012258333263202553,0.05388803154186015,5
8,2014,85,3523,1385,0.39313085438546691,0.67654298296491955,9
7,2014,81,3079,-29.011616905501796,-0.0094224153639174395,0.035943899213627908,5
8,2014,81,1646,-11.699388747078046,-0.0071077695911774281,0.037441035197535166,5
1,2014,79,2466,0,0,0,10
1,2014,150,2466,20387,8.2672343876723442,5.483548074782651,10
1,2014,154,2466,21012,8.5206812652068127,7.4901244865351444,10
1,2014,135,2466,135078,54.776155717761554,18.147771797970869,10
2,2014,79,5751,100,0.017388280299078421,0.13071315162338906,10
2,2014,154,5751,146240,25.428621109372283,24.174064663576733,10
2,2014,135,5751,9715,1.6892714310554686,5.2301861833978487,10
2,2014,150,5751,1132,0.19683533298556774,0.62258853556892901,10
3,2014,79,5603,1257,0.22434410137426378,0.42979340914496289,10
3,2014,154,5603,334786,59.751204711761559,38.232675737996338,10
3,2014,150,5603,3674,0.65572014991968586,0.84396463833576152,10
3,2014,135,5603,67614,12.067463858647153,12.609728973998029,10
4,2014,79,7443,3697,0.49670831653902997,0.73259914823307848,10
4,2014,154,7443,611513,82.159478704823329,12.581897231820191,10
4,2014,150,7443,14602,1.9618433427381432,1.6346034557415405,10
4,2014,135,7443,367394,49.361010345290879,9.1921065419915085,10
5,2014,79,4554,601,0.13197189284145805,0.36348629469350557,10
5,2014,154,4554,311258,68.34826526130874,28.138825694819523,10
5,2014,150,4554,14350,3.1510759771629338,2.4908290164563449,10
6,2014,150,2188,24845,11.355118829981718,8.618808157368461,10
7,2014,150,4594,9492,2.0661732694819328,1.4002832077250065,10
8,2014,150,3523,1622,0.46040306556911725,0.79152949444435183,10
5,2014,135,4554,368380,80.891523935002198,15.454243545749526,10
6,2014,135,2188,135278,61.827239488117002,7.3959169193500784,10
7,2014,135,4594,157360,34.253373966042666,15.800543577382903,10
8,2014,135,3523,3267,0.92733465796196424,2.5876295637391,10
6,2014,154,2188,58110,26.558500914076781,13.678562336305948,10
7,2014,154,4594,240595,52.371571615150195,15.398725609009704,10
8,2014,154,3523,122912,34.888447346011922,15.203036505628718,10
6,2014,79,2188,424,0.19378427787934185,0.39641645817066379,10
7,2014,79,4594,832,0.18110579016107967,0.44734012488066649,10
8,2014,79,3523,407,0.11552653988078343,0.32054306488930523,10
1,2014,81,1204,386.92724118530168,0.32136814051935353,2.000833319674042,4
1,2014,107,2466,0,0,0,10
2,2014,107,5751,462,0.080333854981742309,0.27180935731779859,10
3,2014,107,5603,45,0.008031411743708727,0.08925753844416584,10
2,2014,81,749,155.7419217825518,0.20793313989659787,0.37881791127853309,4
4,2014,107,7443,1502,0.20180034932151014,0.48390678504383394,10
3,2014,81,1136,299.38786208177771,0.26354565324100149,0.47754237460293292,4
5,2014,107,4554,1620,0.35573122529644269,0.67578016772791605,10
4,2014,81,1661,663.46549637979479,0.39943738493666153,0.53799009065220826,4
6,2014,107,2188,0,0,0,10
5,2014,81,3267,1095.6144678586861,0.33535796383798167,0.72893370510817879,4
7,2014,107,4594,0,0,0,10
6,2014,81,1150,286.9133998278121,0.24948991289374967,1.8106291429147843,4
8,2014,107,3523,111,0.031507238149304569,0.17468409227376022,10
7,2014,81,1832,1682.867314098723,0.91859569546873521,12.949757184269231,4
8,2014,81,970,435.62910964376351,0.44910217489047782,1.9849889705627328,4
